reference,token,trailer,Part of Speech,Person,Number,Tense,Mood,Voice,Gender,Case,Degree
55.1.1,ΚΑΙ, ,Adposition,,,,,,,,
55.1.1,ἦν, ,Verb,Third,Singular,Imperfect,Indicative,Active,,,
55.1.1,ἀνὴρ, ,Noun,,Singular,,,,Masculine,Nominative,
55.1.1,οἰκῶν, ,Noun,,Plural,,,,Masculine,Genitive,
55.1.1,ἐν, ,Adposition,,,,,,,,
55.1.1,Βαβυλῶνι,", ",Noun,,Singular,,,,Feminine,Dative,
55.1.1,καὶ, ,Conjunction,,,,,,,,
55.1.1,ὄνομα, ,Noun,,Singular,,,,Neuter,Accusative,
55.1.1,αὐτῷ, ,Pronoun,,Singular,,,,Masculine,Dative,
55.1.1,Ἰωακείμ,. ,Noun,,Singular,,,,Masculine,Nominative,
55.1.1,καὶ, ,Adverb,,,,,,,,
55.1.2,ἔλαβεν, ,Verb,Third,Singular,Aorist,Indicative,Active,,,
55.1.2,γυναῖκα, ,Noun,,Singular,,,,Feminine,Accusative,
55.1.2,ᾗ, ,Pronoun,,Singular,,,,Feminine,Dative,
55.1.2,ὄνομα, ,Noun,,Singular,,,,Neuter,Nominative,
55.1.2,Σουσάννα,", ",Noun,,Singular,,,,Feminine,Nominative,
55.1.2,θυγάτηρ, ,Noun,,Singular,,,,Feminine,Nominative,
55.1.2,Χελκείου,", ",Adjective,,Singular,,,,Neuter,Genitive,
55.1.2,καλὴ, ,Adjective,,Singular,,,,Feminine,Nominative,
55.1.2,σφόδρα, ,Adverb,,,,,,,,
55.1.2,καὶ, ,Conjunction,,,,,,,,
55.1.2,φοβουμένη, ,Verb,,Singular,Present,Participle,Medio-passive,Feminine,Nominative,
55.1.2,τὸν, ,Article,,Singular,,,,Masculine,Accusative,
55.1.2,κύριον,. ,Noun,,Singular,,,,Masculine,Accusative,
55.1.2,καὶ, ,Adverb,,,,,,,,
55.1.3,οἱ, ,Article,,Plural,,,,Masculine,Nominative,
55.1.3,γονεῖς, ,Verb,Second,Plural,Present,Indicative,Active,,,
55.1.3,αὐτῆς, ,Pronoun,,Singular,,,,Feminine,Genitive,
55.1.3,δίκαιοι,", ",Adjective,,Plural,,,,Masculine,Nominative,
55.1.3,καὶ, ,Conjunction,,,,,,,,
55.1.3,ἐδίδαξαν, ,Verb,Third,Plural,Aorist,Indicative,Active,,,
55.1.3,τὴν, ,Article,,Singular,,,,Feminine,Accusative,
55.1.3,θυγατέρα, ,Noun,,Singular,,,,Feminine,Accusative,
55.1.3,αὐτῶν, ,Pronoun,,Plural,,,,Masculine,Genitive,
55.1.3,κατὰ, ,Adposition,,,,,,,,
55.1.3,τὸν, ,Article,,Singular,,,,Masculine,Accusative,
55.1.3,νόμον, ,Noun,,Singular,,,,Masculine,Accusative,
55.1.3,Μωυσῆ,. ,Noun,,Singular,,,,Masculine,Accusative,
55.1.3,καὶ, ,Adverb,,,,,,,,
55.1.4,ἦν, ,Verb,Third,Singular,Imperfect,Indicative,Active,,,
55.1.4,Ἰωακεὶμ, ,Noun,,Singular,,,,Masculine,Nominative,
55.1.4,πλούσιος, ,Adjective,,Singular,,,,Masculine,Nominative,
55.1.4,σφόδρα,", ",Adverb,,,,,,,,
55.1.4,καὶ, ,Conjunction,,,,,,,,
55.1.4,ἦν, ,Verb,Third,Singular,Imperfect,Indicative,Active,,,
55.1.4,αὐτῷ, ,Pronoun,,Singular,,,,Masculine,Dative,
55.1.4,παράδεισος, ,Noun,,Singular,,,,Masculine,Nominative,
55.1.4,γειτνιῶν, ,Noun,,Plural,,,,Masculine,Genitive,
55.1.4,τῷ, ,Article,,Singular,,,,Masculine,Dative,
55.1.4,οἴκῳ, ,Noun,,Singular,,,,Masculine,Dative,
55.1.4,αὐτοῦ,· ,Pronoun,,Singular,,,,Masculine,Genitive,
55.1.4,καὶ, ,Adverb,,,,,,,,
55.1.4,πρὸς, ,Adposition,,,,,,,,
55.1.4,αὐτὸν, ,Pronoun,,Singular,,,,Masculine,Accusative,
55.1.4,προσήγοντο, ,Verb,Third,Plural,Imperfect,Indicative,Medio-passive,,,
55.1.4,οἱ, ,Article,,Plural,,,,Masculine,Nominative,
55.1.4,Ἰουδαῖοι,", ",Noun,,Plural,,,,Masculine,Nominative,
55.1.4,διὰ, ,Adposition,,,,,,,,
55.1.4,τὸ, ,Article,,Singular,,,,Neuter,Accusative,
55.1.4,εἶναι, ,Verb,,,Present,Infinitive,Active,,,
55.1.4,αὐτὸν, ,Pronoun,,Singular,,,,Masculine,Accusative,
55.1.4,ἐνδοξότερον, ,Adjective,,Singular,,,,Masculine,Accusative,Comparative
55.1.4,πάντων,. ,Adjective,,Plural,,,,Masculine,Genitive,
55.1.4,Καὶ, ,Adverb,,,,,,,,
55.1.4,ἀπεδείχθησαν, ,Verb,Third,Plural,Aorist,Indicative,Passive,,,
55.1.5,δύο, ,Adjective,,,,,,,,
55.1.5,πρεσβύτεροι, ,Adjective,,Plural,,,,Masculine,Nominative,Comparative
55.1.5,ἐκ, ,Adposition,,,,,,,,
55.1.5,τοῦ, ,Article,,Singular,,,,Masculine,Genitive,
55.1.5,λαοῦ, ,Noun,,Singular,,,,Masculine,Genitive,
55.1.5,κριταὶ, ,Noun,,Plural,,,,Masculine,Nominative,
55.1.5,ἐν, ,Adposition,,,,,,,,
55.1.5,τῷ, ,Article,,Singular,,,,Masculine,Dative,
55.1.5,ἐνιαυτῷ, ,Noun,,Singular,,,,Masculine,Dative,
55.1.5,ἐκείνῳ,", ",Pronoun,,Singular,,,,Masculine,Dative,
55.1.5,περὶ, ,Adposition,,,,,,,,
55.1.5,ὧν, ,Pronoun,,Plural,,,,Neuter,Genitive,
55.1.5,ἐλάλησεν, ,Verb,Third,Singular,Aorist,Indicative,Active,,,
55.1.5,ὁ, ,Article,,Singular,,,,Masculine,Nominative,
55.1.5,δεσπότης, ,Noun,,Singular,,,,Masculine,Nominative,
55.1.5,ὅτι, ,Conjunction,,,,,,,,
55.1.5,ἐξῆλθεν, ,Verb,Third,Singular,Aorist,Indicative,Active,,,
55.1.5,ἀνομία, ,Noun,,Singular,,,,Feminine,Nominative,
55.1.5,ἐκ, ,Adposition,,,,,,,,
55.1.5,Βαβυλῶνος, ,Noun,,Singular,,,,Feminine,Genitive,
55.1.5,ἐκ, ,Adposition,,,,,,,,
55.1.5,πρεσβυτέρων, ,Adjective,,Plural,,,,Masculine,Genitive,
55.1.5,κριτῶν, ,Noun,,Plural,,,,Masculine,Genitive,
55.1.5,οἳ, ,Pronoun,,Plural,,,,Masculine,Nominative,
55.1.5,ἐδόκουν, ,Verb,Third,Plural,Imperfect,Indicative,Active,,,
55.1.5,κυβερνᾷν, ,Noun,,Singular,,,,,Dative,
55.1.5,τὸν, ,Article,,Singular,,,,Masculine,Accusative,
55.1.5,λαόν,. ,Noun,,Singular,,,,Masculine,Accusative,
55.1.5,οὗτοι, ,Pronoun,,Plural,,,,Masculine,Nominative,
55.1.6,προσεκαρτέρουν, ,Verb,Third,Plural,Imperfect,Indicative,Active,,,
55.1.6,ἐν, ,Adposition,,,,,,,,
55.1.6,τῇ, ,Article,,Singular,,,,Feminine,Dative,
55.1.6,οἰκίᾳ, ,Noun,,Singular,,,,Feminine,Dative,
55.1.6,Ἰωακείμ,", ",Noun,,Singular,,,,Masculine,Nominative,
55.1.6,καὶ, ,Conjunction,,,,,,,,
55.1.6,ἤρχοντο, ,Verb,Third,Plural,Imperfect,Indicative,Medio-passive,,,
55.1.6,πρὸς, ,Adposition,,,,,,,,
55.1.6,αὐτοὺς, ,Pronoun,,Plural,,,,Masculine,Accusative,
55.1.6,πάντες, ,Adjective,,Plural,,,,Masculine,Nominative,
55.1.6,οἱ, ,Article,,Plural,,,,Masculine,Nominative,
55.1.6,κρινόμενοι,. ,Verb,,Plural,Present,Participle,Medio-passive,Masculine,Nominative,
55.1.6,καὶ, ,Adverb,,,,,,,,
55.1.6,ἐγένετο, ,Verb,Third,Singular,Aorist,Indicative,Middle,,,
55.1.7,ἡνίκα, ,Conjunction,,,,,,,,
55.1.7,ἀπέτρεχεν, ,Verb,Third,Singular,Imperfect,Indicative,Active,,,
55.1.7,ὁ, ,Article,,Singular,,,,Masculine,Nominative,
55.1.7,λαὸς, ,Noun,,Singular,,,,Masculine,Nominative,
55.1.7,μέσον, ,Adjective,,Singular,,,,Neuter,Accusative,
55.1.7,ἡμέρας,", ",Noun,,Singular,,,,Feminine,Accusative,
55.1.7,εἰσεπορεύετο, ,Verb,Third,Singular,Imperfect,Indicative,Medio-passive,,,
55.1.7,Σουσάννα, ,Noun,,Singular,,,,Feminine,Accusative,
55.1.7,καὶ, ,Conjunction,,,,,,,,
55.1.7,περιεπάτει, ,Verb,Third,Singular,Imperfect,Indicative,Active,,,
55.1.7,ἐν, ,Adposition,,,,,,,,
55.1.7,τῷ, ,Article,,Singular,,,,Masculine,Dative,
55.1.7,παραδείσῳ, ,Noun,,Singular,,,,Masculine,Dative,
55.1.7,τοῦ, ,Article,,Singular,,,,Masculine,Genitive,
55.1.7,ἀνδρὸς, ,Noun,,Singular,,,,Masculine,Genitive,
55.1.7,αὐτῆς,. ,Pronoun,,Singular,,,,Feminine,Genitive,
55.1.7,καὶ, ,Adverb,,,,,,,,
55.1.7,ἐθεώρουν, ,Verb,Third,Plural,Imperfect,Indicative,Active,,,
55.1.8,αὐτὴν, ,Pronoun,,Singular,,,,Feminine,Accusative,
55.1.8,οἱ, ,Article,,Plural,,,,Masculine,Nominative,
55.1.8,δύο, ,Adjective,,,,,,,,
55.1.8,πρεσβύτεροι, ,Adjective,,Plural,,,,Masculine,Nominative,Comparative
55.1.8,καθ’, ,Adposition,,,,,,,,
55.1.8,ἡμέραν, ,Noun,,Singular,,,,Feminine,Accusative,
55.1.8,εἰσπορευομένην, ,Verb,,Singular,Present,Participle,Medio-passive,Feminine,Accusative,
55.1.8,καὶ, ,Conjunction,,,,,,,,
55.1.8,περιπατοῦσαν,", ",Verb,,Singular,Present,Participle,Active,Feminine,Accusative,
55.1.8,καὶ, ,Conjunction,,,,,,,,
55.1.8,ἐγένοντο, ,Verb,Third,Plural,Aorist,Indicative,Middle,,,
55.1.8,ἐν, ,Adposition,,,,,,,,
55.1.8,ἐπιθυμίᾳ, ,Noun,,Singular,,,,Feminine,Dative,
55.1.8,αὐτῆς,. ,Pronoun,,Singular,,,,Feminine,Genitive,
55.1.8,καὶ, ,Adverb,,,,,,,,
55.1.8,διέστρεψαν, ,Verb,Third,Plural,Aorist,Indicative,Active,,,
55.1.9,τὸν, ,Article,,Singular,,,,Masculine,Accusative,
55.1.9,ἑαυτῶν, ,Pronoun,,Plural,,,,Masculine,Genitive,
55.1.9,νοῦν,", ",Noun,,Singular,,,,Masculine,Accusative,
55.1.9,καὶ, ,Conjunction,,,,,,,,
55.1.9,ἐξέκλιναν, ,Verb,Third,Plural,Aorist,Indicative,Active,,,
55.1.9,τοὺς, ,Article,,Plural,,,,Masculine,Accusative,
55.1.9,ὀφθαλμοὺς, ,Noun,,Plural,,,,Masculine,Accusative,
55.1.9,αὐτῶν, ,Pronoun,,Plural,,,,Masculine,Genitive,
55.1.9,τοῦ, ,Article,,Singular,,,,Masculine,Genitive,
55.1.9,μὴ, ,Adverb,,,,,,,,
55.1.9,βλέπειν, ,Verb,,,Present,Infinitive,Active,,,
55.1.9,εἰς, ,Adposition,,,,,,,,
55.1.9,τὸν, ,Article,,Singular,,,,Masculine,Accusative,
55.1.9,οὐρανὸν, ,Noun,,Singular,,,,Masculine,Accusative,
55.1.9,μηδὲ, ,Conjunction,,,,,,,,
55.1.9,μνημονεύειν, ,Verb,,,Present,Infinitive,Active,,,
55.1.9,κριμάτων, ,Noun,,Plural,,,,Neuter,Genitive,
55.1.9,δικαίων,. ,Adjective,,Plural,,,,Neuter,Genitive,
55.1.9,καὶ, ,Adverb,,,,,,,,
55.1.9,ἦσαν, ,Verb,Third,Plural,Imperfect,Indicative,Active,,,
55.1.9,ἀμφότεροι, ,Adjective,,Plural,,,,Masculine,Nominative,
55.1.10,κατανενυγμένοι, ,Verb,,Plural,Perfect,Participle,Medio-passive,Masculine,Nominative,
55.1.10,περὶ, ,Adposition,,,,,,,,
55.1.10,αὐτῆς,", ",Pronoun,,Singular,,,,Feminine,Genitive,
55.1.10,καὶ, ,Conjunction,,,,,,,,
55.1.10,οὐκ, ,Adverb,,,,,,,,
55.1.10,ἀνήγγειλαν, ,Verb,Third,Plural,Aorist,Indicative,Active,,,
55.1.10,ἀλλήλοις, ,Pronoun,,Plural,,,,Masculine,Dative,
55.1.10,τὴν, ,Article,,Singular,,,,Feminine,Accusative,
55.1.10,ὀδύνην, ,Noun,,Singular,,,,Feminine,Accusative,
55.1.10,ἑαυτῶν,· ,Pronoun,,Plural,,,,Masculine,Genitive,
55.1.10,ὅτι, ,Conjunction,,,,,,,,
55.1.10,ᾐσχύνοντο, ,Verb,Third,Plural,Imperfect,Indicative,Medio-passive,,,
55.1.11,ἀναγγεῖλαι, ,Verb,,,Aorist,Infinitive,Active,,,
55.1.11,τὴν, ,Article,,Singular,,,,Feminine,Accusative,
55.1.11,ἐπιθυμίαν, ,Noun,,Singular,,,,Feminine,Accusative,
55.1.11,αὐτῶν, ,Pronoun,,Plural,,,,Masculine,Genitive,
55.1.11,ὅτι, ,Conjunction,,,,,,,,
55.1.11,ἤθελον, ,Verb,Third,Plural,Imperfect,Indicative,Active,,,
55.1.11,συγγενέσθαι, ,Verb,,,Aorist,Infinitive,Middle,,,
55.1.11,αὐτῇ,. ,Pronoun,,Singular,,,,Feminine,Dative,
55.1.11,καὶ, ,Adverb,,,,,,,,
55.1.11,παρετηροῦσαν, ,Verb,,Singular,Aorist,Participle,Active,Feminine,Accusative,
55.1.12,φιλοτίμως, ,Adverb,,,,,,,,
55.1.12,καθ’, ,Adposition,,,,,,,,
55.1.12,ἡμέραν, ,Noun,,Singular,,,,Feminine,Accusative,
55.1.12,ὁρᾷν, ,Verb,,,Present,Infinitive,Active,,,
55.1.12,αὐτήν,. ,Pronoun,,Singular,,,,Feminine,Accusative,
55.1.12,καὶ, ,Adverb,,,,,,,,
55.1.12,εἶπαν, ,Verb,Third,Plural,Aorist,Indicative,Active,,,
55.1.12,ἕτερος, ,Adjective,,Singular,,,,Masculine,Nominative,
55.1.13,τῷ, ,Article,,Singular,,,,Masculine,Dative,
55.1.13,ἑτέρῳ, ,Adjective,,Singular,,,,Masculine,Dative,
55.1.13,Πορευθῶμεν, ,Verb,First,Plural,Aorist,Subjunctive,Passive,,,
55.1.13,δὴ, ,Adverb,,,,,,,,
55.1.13,εἰς, ,Adposition,,,,,,,,
55.1.13,οἶκον,", ",Noun,,Singular,,,,Masculine,Accusative,
55.1.13,ὅτι, ,Conjunction,,,,,,,,
55.1.13,ἀρίστου, ,Adjective,,Singular,,,,Masculine,Genitive,
55.1.13,ὥρα, ,Verb,Third,Singular,,,Active,,,
55.1.13,ἐστίν,· ,Verb,Third,Singular,Present,Indicative,Active,,,
55.1.13,καὶ, ,Adverb,,,,,,,,
55.1.13,ἐξελθόντες, ,Verb,,Plural,Aorist,Participle,Active,Masculine,Nominative,
55.1.13,διεχωρίσθησαν, ,Verb,Third,Plural,Aorist,Indicative,Passive,,,
55.1.13,ἀπ’, ,Adposition,,,,,,,,
55.1.13,ἀλλήλων,. ,Pronoun,,Plural,,,,Masculine,Genitive,
55.1.13,καὶ, ,Adverb,,,,,,,,
55.1.13,ἀνακάμψαντες, ,Verb,,Plural,Aorist,Participle,Active,Masculine,Nominative,
55.1.14,ἦλθον, ,Verb,Third,Plural,Aorist,Indicative,Active,,,
55.1.14,ἐπὶ, ,Adposition,,,,,,,,
55.1.14,τὸ, ,Article,,Singular,,,,Neuter,Accusative,
55.1.14,αὐτό,", ",Pronoun,,Singular,,,,Neuter,Accusative,
55.1.14,καὶ, ,Conjunction,,,,,,,,
55.1.14,ἀνετάζοντες, ,Verb,,Plural,Present,Participle,Active,Masculine,Nominative,
55.1.14,ἀλλήλους, ,Pronoun,,Plural,,,,Masculine,Accusative,
55.1.14,τὴν, ,Article,,Singular,,,,Feminine,Accusative,
55.1.14,αἰτίαν, ,Noun,,Singular,,,,Feminine,Accusative,
55.1.14,ὡμολόγησαν, ,Verb,Third,Plural,Aorist,Indicative,Active,,,
55.1.14,τὴν, ,Article,,Singular,,,,Feminine,Accusative,
55.1.14,ἐπιθυμίαν, ,Noun,,Singular,,,,Feminine,Accusative,
55.1.14,αὐτῶν,· ,Pronoun,,Plural,,,,Masculine,Genitive,
55.1.14,καὶ, ,Adverb,,,,,,,,
55.1.14,τότε, ,Adverb,,,,,,,,
55.1.14,κοινῇ, ,Adverb,,,,,,,,
55.1.14,συνετάξαντο, ,Verb,Third,Plural,Aorist,Indicative,Middle,,,
55.1.14,καιρὸν, ,Noun,,Singular,,,,Masculine,Accusative,
55.1.14,ὅτε, ,Conjunction,,,,,,,,
55.1.14,αὐτὴν, ,Pronoun,,Singular,,,,Feminine,Accusative,
55.1.14,δυνήσονται, ,Verb,Third,Plural,Future,Indicative,Middle,,,
55.1.14,εὑρεῖν, ,Verb,,,Aorist,Infinitive,Active,,,
55.1.14,μόνην,. ,Adjective,,Singular,,,,Feminine,Accusative,
55.1.14,καὶ, ,Adverb,,,,,,,,
55.1.14,ἐγένετο, ,Verb,Third,Singular,Aorist,Indicative,Middle,,,
55.1.14,ἐν, ,Adposition,,,,,,,,
55.1.14,τῷ, ,Article,,Singular,,,,Neuter,Dative,
55.1.15,παρατηρεῖν, ,Verb,,,Present,Infinitive,Active,,,
55.1.15,αὐτοὺς, ,Pronoun,,Plural,,,,Masculine,Accusative,
55.1.15,ἡμέραν, ,Noun,,Singular,,,,Feminine,Accusative,
55.1.15,εὔθετον, ,Adjective,,Singular,,,,Feminine,Accusative,
55.1.15,εἰσῆλθέν, ,Verb,Third,Singular,Aorist,Indicative,Active,,,
55.1.15,ποτε, ,Adverb,,,,,,,,
55.1.15,καθὼς, ,Noun,,Singular,,,,Masculine,Nominative,
55.1.15,ἐχθὲς, ,Adverb,,,,,,,,
55.1.15,καὶ, ,Conjunction,,,,,,,,
55.1.15,τρίτης, ,Adjective,,Singular,,,,Feminine,Genitive,
55.1.15,ἡμέρας, ,Noun,,Singular,,,,Feminine,Genitive,
55.1.15,μετὰ, ,Adposition,,,,,,,,
55.1.15,δύο, ,Adjective,,,,,,,,
55.1.15,μόνων, ,Adjective,,Plural,,,,Masculine,Genitive,
55.1.15,κορασίων,", ",Noun,,Plural,,,,Masculine,Genitive,
55.1.15,καὶ, ,Conjunction,,,,,,,,
55.1.15,ἐπεθύμησε, ,Verb,Third,Singular,Aorist,Indicative,Active,,,
55.1.15,λούσασθαι, ,Verb,,,Aorist,Infinitive,Middle,,,
55.1.15,ἐν, ,Adposition,,,,,,,,
55.1.15,τῷ, ,Article,,Singular,,,,Masculine,Dative,
55.1.15,παραδείσῳ,", ",Noun,,Singular,,,,Masculine,Dative,
55.1.15,ὅτι, ,Conjunction,,,,,,,,
55.1.15,καῦμα, ,Noun,,Singular,,,,Neuter,Nominative,
55.1.15,ἦν,. ,Verb,Third,Singular,Imperfect,Indicative,Active,,,
55.1.15,καὶ, ,Adverb,,,,,,,,
55.1.15,οὐκ, ,Adverb,,,,,,,,
55.1.15,ἦν, ,Verb,Third,Singular,Imperfect,Indicative,Active,,,
55.1.15,ἐκεῖ, ,Adverb,,,,,,,,
55.1.15,οὐδεὶς, ,Pronoun,,Singular,,,,Masculine,Nominative,
55.1.16,πλὴν, ,Adposition,,,,,,,,
55.1.16,οἱ, ,Article,,Plural,,,,Masculine,Nominative,
55.1.16,δύο, ,Adjective,,,,,,,,
55.1.16,πρεσβύτεροι, ,Adjective,,Plural,,,,Masculine,Nominative,Comparative
55.1.16,κεκρυμμένοι, ,Verb,,Plural,Perfect,Participle,Medio-passive,Masculine,Nominative,
55.1.16,καὶ, ,Conjunction,,,,,,,,
55.1.16,παρατηροῦντες, ,Verb,,Plural,Present,Participle,Active,Masculine,Nominative,
55.1.16,αὐτήν,. ,Pronoun,,Singular,,,,Feminine,Accusative,
55.1.16,καὶ, ,Adverb,,,,,,,,
55.1.16,εἶπεν, ,Verb,Third,Singular,Aorist,Indicative,Active,,,
55.1.16,τοῖς, ,Article,,Plural,,,,Masculine,Dative,
55.1.16,κορασίοις, ,Noun,,Plural,,,,Masculine,Dative,
55.1.17,Ἐνέγκατε, ,Verb,Second,Plural,Aorist,Indicative,Active,,,
55.1.17,δή, ,Adverb,,,,,,,,
55.1.17,μοι, ,Pronoun,First,Singular,,,,Masculine,Dative,
55.1.17,ἔλαιον, ,Noun,,Singular,,,,Neuter,Accusative,
55.1.17,καὶ, ,Conjunction,,,,,,,,
55.1.17,σμήγματα,", ",Noun,,Plural,,,,Neuter,Accusative,
55.1.17,καὶ, ,Conjunction,,,,,,,,
55.1.17,τὰς, ,Article,,Plural,,,,Feminine,Accusative,
55.1.17,θύρας, ,Noun,,Plural,,,,Feminine,Accusative,
55.1.17,τοῦ, ,Article,,Singular,,,,Masculine,Genitive,
55.1.17,παραδείσου, ,Noun,,Singular,,,,Masculine,Genitive,
55.1.17,κλείσατε,", ",Verb,Second,Plural,Aorist,Imperative,Active,,,
55.1.17,ὅπως, ,Conjunction,,,,,,,,
55.1.17,λούσωμαι,. ,Verb,First,Singular,Aorist,Subjunctive,Middle,,,
55.1.17,καὶ, ,Adverb,,,,,,,,
55.1.17,ἐποίησαν, ,Verb,Third,Plural,Aorist,Indicative,Active,,,
55.1.17,καθὼς, ,Noun,,Singular,,,,Masculine,Nominative,
55.1.17,εἶπεν,", ",Verb,Third,Singular,Aorist,Indicative,Active,,,
55.1.18,καὶ, ,Conjunction,,,,,,,,
55.1.18,ἀπέκλεισαν, ,Verb,Third,Plural,Aorist,Indicative,Active,,,
55.1.18,τὰς, ,Article,,Plural,,,,Feminine,Accusative,
55.1.18,θύρας, ,Noun,,Plural,,,,Feminine,Accusative,
55.1.18,τοῦ, ,Article,,Singular,,,,Masculine,Genitive,
55.1.18,παραδείσου,", ",Noun,,Singular,,,,Masculine,Genitive,
55.1.18,καὶ, ,Conjunction,,,,,,,,
55.1.18,ἐξῆλθαν, ,Verb,Third,Plural,Aorist,Indicative,Active,,,
55.1.18,κατὰ, ,Adposition,,,,,,,,
55.1.18,τὰς, ,Article,,Plural,,,,Feminine,Accusative,
55.1.18,πλαγίας, ,Noun,,Plural,,,,Feminine,Accusative,
55.1.18,θύρας, ,Noun,,Plural,,,,Feminine,Accusative,
55.1.18,ἐνέγκαι, ,Verb,,Singular,Aorist,Infinitive,Active,,,
55.1.18,τὰ, ,Article,,Plural,,,,Neuter,Accusative,
55.1.18,προστεταγμένα, ,Verb,,Plural,Perfect,Participle,Medio-passive,Neuter,Accusative,
55.1.18,αὐταῖς,", ",Pronoun,,Plural,,,,Feminine,Dative,
55.1.18,καὶ, ,Conjunction,,,,,,,,
55.1.18,οὐκ, ,Adverb,,,,,,,,
55.1.18,εἴδοσαν, ,Verb,Third,Plural,Aorist,Indicative,Active,,,
55.1.18,τοὺς, ,Article,,Plural,,,,Masculine,Accusative,
55.1.18,πρεσβυτέρους,", ",Adjective,,Plural,,,,Masculine,Accusative,
55.1.18,ὅτι, ,Conjunction,,,,,,,,
55.1.18,ἦσαν, ,Verb,Third,Plural,Imperfect,Indicative,Active,,,
55.1.18,κεκρυμμένοι,. ,Verb,,Plural,Perfect,Participle,Medio-passive,Masculine,Nominative,
55.1.18,καὶ, ,Adverb,,,,,,,,
55.1.18,ἐγένετο, ,Verb,Third,Singular,Aorist,Indicative,Middle,,,
55.1.18,ὡς, ,Conjunction,,,,,,,,
55.1.18,ἐξήλθοσαν, ,Verb,Third,Plural,Aorist,Indicative,Active,,,
55.1.19,τὰ, ,Article,,Plural,,,,Neuter,Accusative,
55.1.19,κοράσια,", ",Noun,,Plural,,,,Neuter,Accusative,
55.1.19,καὶ, ,Conjunction,,,,,,,,
55.1.19,ἀνέστησαν, ,Verb,Third,Plural,Aorist,Indicative,Active,,,
55.1.19,οἱ, ,Article,,Plural,,,,Masculine,Nominative,
55.1.19,δύο, ,Adjective,,,,,,,,
55.1.19,πρεσβῦται, ,Noun,Third,Plural,,,,,,
55.1.19,καὶ, ,Conjunction,,,,,,,,
55.1.19,ἐπέδραμον, ,Verb,Third,Plural,Aorist,Indicative,Active,,,
55.1.19,αὐτῇ,", ",Pronoun,,Singular,,,,Feminine,Dative,
55.1.19,καὶ, ,Conjunction,,,,,,,,
55.1.19,εἶπον, ,Verb,Third,Plural,Aorist,Indicative,Active,,,
55.1.19,Ἰδοὺ, ,Adverb,,,,,,,,
55.1.19,αἱ, ,Article,,Plural,,,,Feminine,Nominative,
55.1.19,θύραι, ,Noun,,Plural,,,,Feminine,Nominative,
55.1.20,τοῦ, ,Article,,Singular,,,,Masculine,Genitive,
55.1.20,παραδείσου, ,Noun,,Singular,,,,Masculine,Genitive,
55.1.20,κέκλεινται,", ",Verb,Third,Plural,Perfect,Indicative,Medio-passive,,,
55.1.20,καὶ, ,Conjunction,,,,,,,,
55.1.20,οὐδεὶς, ,Pronoun,,Singular,,,,Masculine,Nominative,
55.1.20,θεωρεῖ, ,Verb,Third,Singular,Present,Indicative,Active,,,
55.1.20,ἡμᾶς,", ",Pronoun,First,Plural,,,,Masculine,Accusative,
55.1.20,καὶ, ,Conjunction,,,,,,,,
55.1.20,ἐν, ,Adposition,,,,,,,,
55.1.20,ἐπιθυμίᾳ, ,Noun,,Singular,,,,Feminine,Dative,
55.1.20,σού, ,Pronoun,Second,Singular,,,,Masculine,Dative,
55.1.20,ἐσμεν,· ,Verb,First,Plural,Present,Indicative,Active,,,
55.1.20,διὸ, ,Adverb,,,,,,,,
55.1.20,συνκατάθου, ,Noun,,Singular,,,,Masculine,Genitive,
55.1.20,ἡμίν,", ",Pronoun,First,Plural,,,,Masculine,Dative,
55.1.20,καὶ, ,Conjunction,,,,,,,,
55.1.20,γενοῦ, ,Verb,Second,Singular,Aorist,Imperative,Middle,,,
55.1.20,μεθ’, ,Adposition,,,,,,,,
55.1.20,ἡμῶν,. ,Pronoun,First,Plural,,,,Masculine,Genitive,
55.1.20,εἰ, ,Conjunction,,,,,,,,
55.1.20,δὲ, ,Adverb,,,,,,,,
55.1.20,μή,", ",Adverb,,,,,,,,
55.1.20,καταμαρτυρήσομέν, ,Verb,First,Plural,Future,Indicative,Active,,,
55.1.21,σου, ,Pronoun,Second,Singular,,,,Masculine,Genitive,
55.1.21,ὅτι, ,Conjunction,,,,,,,,
55.1.21,ἦν, ,Verb,Third,Singular,Imperfect,Indicative,Active,,,
55.1.21,μετὰ, ,Adposition,,,,,,,,
55.1.21,σοῦ, ,Pronoun,Second,Singular,,,,Masculine,Genitive,
55.1.21,νεανίσκος,", ",Noun,,Singular,,,,Masculine,Nominative,
55.1.21,καὶ, ,Conjunction,,,,,,,,
55.1.21,διὰ, ,Adposition,,,,,,,,
55.1.21,τοῦτο, ,Pronoun,,Singular,,,,Neuter,Accusative,
55.1.21,ἐξαπέστειλας, ,Verb,Second,Singular,Aorist,Indicative,Active,,,
55.1.21,τὰ, ,Article,,Plural,,,,Neuter,Accusative,
55.1.21,κοράσια, ,Noun,,Plural,,,,Neuter,Accusative,
55.1.21,ἀπὸ, ,Adposition,,,,,,,,
55.1.21,σου,. ,Pronoun,Second,Singular,,,,Masculine,Genitive,
55.1.21,καὶ, ,Adverb,,,,,,,,
55.1.21,ἀνεστέναξεν, ,Verb,Third,Singular,Aorist,Indicative,Active,,,
55.1.21,Σουσάννα, ,Noun,,Singular,,,,Feminine,Accusative,
55.1.22,καὶ, ,Conjunction,,,,,,,,
55.1.22,εἶπεν, ,Verb,Third,Singular,Aorist,Indicative,Active,,,
55.1.22,Στενά, ,Adjective,,Plural,,,,Neuter,Accusative,
55.1.22,μοι, ,Pronoun,First,Singular,,,,Masculine,Dative,
55.1.22,πάντοθεν,· ,Adverb,,,,,,,,
55.1.22,ἐάν, ,Conjunction,,,,,,,,
55.1.22,τε, ,Adverb,,,,,,,,
55.1.22,γὰρ, ,Adverb,,,,,,,,
55.1.22,τοῦτο, ,Pronoun,,Singular,,,,Neuter,Accusative,
55.1.22,πράξω,", ",Verb,First,Singular,Future,Subjunctive,Active,,,
55.1.22,θάνατός, ,Noun,,Singular,,,,Masculine,Nominative,
55.1.22,μοί, ,Pronoun,First,Singular,,,,Masculine,Dative,
55.1.22,ἐστιν,· ,Verb,Third,Singular,Present,Indicative,Active,,,
55.1.22,ἐάν, ,Conjunction,,,,,,,,
55.1.22,τε, ,Adverb,,,,,,,,
55.1.22,μὴ, ,Adverb,,,,,,,,
55.1.22,πράξω,", ",Verb,First,Singular,Future,Subjunctive,Active,,,
55.1.22,οὐκ, ,Adverb,,,,,,,,
55.1.22,ἐκφεύξομαι, ,Verb,First,Singular,Future,Indicative,Middle,,,
55.1.22,τὰς, ,Article,,Plural,,,,Feminine,Accusative,
55.1.22,χεῖρας, ,Noun,,Plural,,,,Feminine,Accusative,
55.1.22,ὑμῶν,. ,Pronoun,Second,Plural,,,,Masculine,Genitive,
55.1.22,αἱρετόν, ,Noun,,Singular,,,,Neuter,Nominative,
55.1.22,μοί, ,Pronoun,First,Singular,,,,Masculine,Dative,
55.1.22,ἐστιν, ,Verb,Third,Singular,Present,Indicative,Active,,,
55.1.22,μὴ, ,Adverb,,,,,,,,
55.1.22,πράξασαν, ,Verb,,Singular,Aorist,Participle,Active,Feminine,Accusative,
55.1.23,ἐνπεσεῖν, ,Verb,,,Aorist,Infinitive,Active,,,
55.1.23,εἰς, ,Adposition,,,,,,,,
55.1.23,τὰς, ,Article,,Plural,,,,Feminine,Accusative,
55.1.23,χεῖρας, ,Noun,,Plural,,,,Feminine,Accusative,
55.1.23,ὑμῶν, ,Pronoun,,Plural,,,,Masculine,Genitive,
55.1.23,ἢ, ,Conjunction,,,,,,,,
55.1.23,ἁμαρτεῖν, ,Verb,,,Aorist,Infinitive,Active,,,
55.1.23,ἐνώπιον, ,Noun,,Singular,,,,Neuter,Accusative,
55.1.23,Κυρίου,. ,Noun,,Singular,,,,Masculine,Genitive,
55.1.23,καὶ, ,Adverb,,,,,,,,
55.1.23,ἀνεβόησεν, ,Verb,Third,Singular,Aorist,Indicative,Active,,,
55.1.23,φωνῇ, ,Noun,,Singular,,,,Feminine,Dative,
55.1.23,μεγάλῃ, ,Adjective,,Singular,,,,Feminine,Dative,
55.1.23,Σουσάννα,· ,Noun,,Singular,,,,Feminine,Accusative,
55.1.24,ἐβόησαν, ,Verb,Third,Plural,Aorist,Indicative,Active,,,
55.1.24,δὲ, ,Adverb,,,,,,,,
55.1.24,καὶ, ,Adverb,,,,,,,,
55.1.24,οἱ, ,Article,,Plural,,,,Masculine,Nominative,
55.1.24,δύο, ,Adjective,,,,,,,,
55.1.24,πρεσβῦται, ,Noun,Third,Plural,,,,,,
55.1.24,κατέναντι, ,Verb,Third,Plural,Aorist,Indicative,Active,,,
55.1.24,αὐτῆς,. ,Pronoun,,Singular,,,,Feminine,Genitive,
55.1.24,καὶ, ,Adverb,,,,,,,,
55.1.24,δραμὼν, ,Verb,,Singular,Aorist,Participle,Active,Masculine,Nominative,
55.1.24,ὁ, ,Article,,Singular,,,,Masculine,Nominative,
55.1.24,εἷς, ,Noun,,Singular,,,,Masculine,Nominative,
55.1.24,ἤνοιξεν, ,Verb,Third,Singular,Aorist,Indicative,Active,,,
55.1.24,τὰς, ,Article,,Plural,,,,Feminine,Accusative,
55.1.24,θύρας, ,Noun,,Plural,,,,Feminine,Accusative,
55.1.25,τοῦ, ,Article,,Singular,,,,Masculine,Genitive,
55.1.25,παραδείσου,. ,Noun,,Singular,,,,Masculine,Genitive,
55.1.25,ὡς, ,Conjunction,,,,,,,,
55.1.25,δὲ, ,Adverb,,,,,,,,
55.1.25,ἤκουσαν, ,Verb,Third,Plural,Aorist,Indicative,Active,,,
55.1.25,τὴν, ,Article,,Singular,,,,Feminine,Accusative,
55.1.25,κραυγὴν, ,Noun,,Singular,,,,Feminine,Accusative,
55.1.25,ἐν, ,Adposition,,,,,,,,
55.1.25,τῷ, ,Article,,Singular,,,,Neuter,Dative,
55.1.26,παραδείσῳ, ,Noun,,Singular,,,,Neuter,Dative,
55.1.26,οἱ, ,Article,,Plural,,,,Masculine,Nominative,
55.1.26,ἐκ, ,Adposition,,,,,,,,
55.1.26,τῆς, ,Article,,Singular,,,,Feminine,Genitive,
55.1.26,οἰκίας,", ",Noun,,Singular,,,,Feminine,Genitive,
55.1.26,εἰσεπήδησαν, ,Verb,Third,Plural,Aorist,Indicative,Active,,,
55.1.26,διὰ, ,Adposition,,,,,,,,
55.1.26,τῆς, ,Article,,Singular,,,,Feminine,Genitive,
55.1.26,πλαγίας, ,Adjective,,Singular,,,,Feminine,Genitive,
55.1.26,θύρας, ,Noun,,Singular,,,,Feminine,Genitive,
55.1.26,ἰδεῖν, ,Verb,,,Aorist,Infinitive,Active,,,
55.1.26,τὸ, ,Article,,Singular,,,,Neuter,Accusative,
55.1.26,συμβεβηκὸς, ,Verb,,Singular,Perfect,Participle,Active,Neuter,Accusative,
55.1.26,αὐτῇ,. ,Pronoun,,Singular,,,,Feminine,Dative,
55.1.26,ἡνίκα, ,Conjunction,,,,,,,,
55.1.26,δὲ, ,Adverb,,,,,,,,
55.1.26,εἶπαν, ,Verb,Third,Plural,Aorist,Indicative,Active,,,
55.1.26,οἱ, ,Pronoun,,Plural,,,,Masculine,Nominative,
55.1.26,πρεσβῦται, ,Verb,Third,Plural,,,Medio-passive,,,
55.1.26,τοὺς, ,Article,,Plural,,,,Masculine,Accusative,
55.1.27,λόγους, ,Noun,,Plural,,,,Masculine,Accusative,
55.1.27,αὐτῶν,", ",Pronoun,,Plural,,,,Masculine,Genitive,
55.1.27,κατῃσχύνθησαν, ,Verb,Third,Plural,Aorist,Indicative,Passive,,,
55.1.27,οἱ, ,Article,,Plural,,,,Masculine,Nominative,
55.1.27,δοῦλοι, ,Noun,,Plural,,,,Masculine,Nominative,
55.1.27,σφόδρα,", ",Adverb,,,,,,,,
55.1.27,ὅτι, ,Conjunction,,,,,,,,
55.1.27,πώποτε, ,Adverb,,,,,,,,
55.1.27,οὐκ, ,Adverb,,,,,,,,
55.1.27,ἐρρέθη, ,Verb,Third,Singular,Aorist,Indicative,Passive,,,
55.1.27,λόγος, ,Noun,,Singular,,,,Masculine,Nominative,
55.1.27,τοιοῦτος, ,Adjective,,Singular,,,,Masculine,Nominative,
55.1.27,περὶ, ,Adposition,,,,,,,,
55.1.27,Σουσάννης,. ,Noun,,Singular,,,,Masculine,Genitive,
55.1.27,καὶ, ,Adverb,,,,,,,,
55.1.27,ἐγένετο, ,Verb,Third,Singular,Aorist,Indicative,Middle,,,
55.1.27,τῇ, ,Article,,Singular,,,,Feminine,Dative,
55.1.27,ἐπαύριον, ,Noun,,Singular,,,,Feminine,Accusative,
55.1.27,ὡς, ,Conjunction,,,,,,,,
55.1.27,συνῆλθεν, ,Verb,Third,Singular,Aorist,Indicative,Active,,,
55.1.28,ὁ, ,Article,,Singular,,,,Masculine,Nominative,
55.1.28,λαὸς, ,Noun,,Singular,,,,Masculine,Nominative,
55.1.28,πρὸς, ,Adposition,,,,,,,,
55.1.28,τὸν, ,Article,,Singular,,,,Masculine,Accusative,
55.1.28,ἄνδρα, ,Noun,,Singular,,,,Masculine,Accusative,
55.1.28,αὐτῆς, ,Pronoun,,Singular,,,,Feminine,Genitive,
55.1.28,Ἰωακείμ,", ",Noun,,Singular,,,,Masculine,Nominative,
55.1.28,ἦλθον, ,Verb,Third,Plural,Aorist,Indicative,Active,,,
55.1.28,οἱ, ,Article,,Plural,,,,Masculine,Nominative,
55.1.28,δύο, ,Adjective,,,,,,,,
55.1.28,πρεσβῦται, ,Verb,Third,Plural,,,,,,
55.1.28,πλήρεις, ,Adjective,,Plural,,,,Feminine,Accusative,
55.1.28,τῆς, ,Article,,Singular,,,,Feminine,Genitive,
55.1.28,ἀνόμου, ,Adjective,,Singular,,,,Feminine,Genitive,
55.1.28,ἐννοίας, ,Noun,,Singular,,,,Feminine,Genitive,
55.1.28,κατὰ, ,Adposition,,,,,,,,
55.1.28,Σουσάννης, ,Noun,,Singular,,,,Feminine,Genitive,
55.1.28,τοῦ, ,Article,,Singular,,,,Masculine,Genitive,
55.1.28,θανατῶσαι, ,Verb,,,Aorist,Infinitive,Active,,,
55.1.28,αὐτήν,", ",Pronoun,,Singular,,,,Feminine,Accusative,
55.1.28,καὶ, ,Conjunction,,,,,,,,
55.1.28,εἶπαν, ,Verb,Third,Plural,Aorist,Indicative,Active,,,
55.1.28,ἔμπροσθεν, ,Adverb,,,,,,,,
55.1.28,τοῦ, ,Article,,Singular,,,,Masculine,Genitive,
55.1.28,λαοῦ, ,Noun,,Singular,,,,Masculine,Genitive,
55.1.28,Ἀποστείλατε, ,Verb,Second,Plural,Aorist,Imperative,Active,,,
55.1.28,ἐπὶ, ,Adposition,,,,,,,,
55.1.28,Σουσάνναν, ,Noun,,Singular,,,,Feminine,Accusative,
55.1.28,θυγατέρα, ,Noun,,Singular,,,,Feminine,Accusative,
55.1.29,Χελκίου, ,Noun,,Singular,,,,Masculine,Genitive,
55.1.29,ἥ, ,Pronoun,,Singular,,,,Feminine,Nominative,
55.1.29,ἐστιν, ,Verb,Third,Singular,Present,Indicative,Active,,,
55.1.29,γυνὴ, ,Noun,,Singular,,,,Feminine,Nominative,
55.1.29,Ἰωακείμ,. ,Noun,,Singular,,,,Feminine,Nominative,
55.1.29,οἱ, ,Article,,Plural,,,,Masculine,Nominative,
55.1.29,δὲ, ,Adverb,,,,,,,,
55.1.29,ἀπέστειλαν,. ,Verb,Third,Plural,Aorist,Indicative,Active,,,
55.1.29,καὶ, ,Adverb,,,,,,,,
55.1.29,ἦλθεν, ,Verb,Third,Singular,Aorist,Indicative,Active,,,
55.1.29,αὐτὴ, ,Pronoun,,Singular,,,,Feminine,Nominative,
55.1.29,καὶ, ,Adverb,,,,,,,,
55.1.29,οἱ, ,Article,,Plural,,,,Masculine,Nominative,
55.1.29,γονεῖς, ,Verb,Second,Plural,Present,Indicative,Active,,,
55.1.29,αὐτῆς, ,Pronoun,,Singular,,,,Feminine,Genitive,
55.1.29,καὶ, ,Conjunction,,,,,,,,
55.1.30,τὰ, ,Article,,Plural,,,,Neuter,Nominative,
55.1.30,τέκνα, ,Noun,,Plural,,,,Neuter,Nominative,
55.1.30,αὐτῆς, ,Pronoun,,Singular,,,,Feminine,Genitive,
55.1.30,καὶ, ,Conjunction,,,,,,,,
55.1.30,πάντες, ,Adjective,,Plural,,,,Masculine,Nominative,
55.1.30,οἱ, ,Article,,Plural,,,,Masculine,Nominative,
55.1.30,συγγενεῖς, ,Adjective,,Plural,,,,Masculine,Nominative,
55.1.30,αὐτῆς,. ,Pronoun,,Singular,,,,Feminine,Genitive,
55.1.30,ἡ, ,Article,,Singular,,,,Feminine,Nominative,
55.1.30,δὲ, ,Adverb,,,,,,,,
55.1.30,Σουσάννα, ,Noun,,Singular,,,,Feminine,Nominative,
55.1.30,ἦν, ,Verb,Third,Singular,Imperfect,Indicative,Active,,,
55.1.30,τρυφερὰ, ,Adjective,,Plural,,,,Neuter,Nominative,
55.1.30,σφόδρα, ,Adverb,,,,,,,,
55.1.30,καὶ, ,Conjunction,,,,,,,,
55.1.30,καλὴ, ,Adjective,,Singular,,,,Feminine,Nominative,
55.1.31,τῷ, ,Article,,Singular,,,,Neuter,Dative,
55.1.31,εἴδει,. ,Noun,,Singular,,,,Neuter,Dative,
55.1.31,οἱ, ,Article,,Plural,,,,Masculine,Nominative,
55.1.31,δὲ, ,Adverb,,,,,,,,
55.1.31,παράνομοι, ,Adjective,,Plural,,,,Masculine,Nominative,
55.1.31,ἐκέλευσαν, ,Verb,Third,Plural,Aorist,Indicative,Active,,,
55.1.31,ἀποκαλυφθῆναι, ,Verb,,,Aorist,Infinitive,Passive,,,
55.1.32,αὐτήν,", ",Pronoun,,Singular,,,,Feminine,Accusative,
55.1.32,ἦν, ,Verb,Third,Singular,Imperfect,Indicative,Active,,,
55.1.32,γὰρ, ,Conjunction,,,,,,,,
55.1.32,κατακεκαλυμμένη,", ",Verb,,Singular,Perfect,Participle,Medio-passive,Feminine,Nominative,
55.1.32,ὅπως, ,Conjunction,,,,,,,,
55.1.32,ἐμπλησθῶσιν, ,Verb,Third,Plural,Aorist,Subjunctive,Passive,,,
55.1.32,τοῦ, ,Article,,Singular,,,,Neuter,Genitive,
55.1.32,κάλλους, ,Noun,,Singular,,,,Neuter,Genitive,
55.1.32,αὐτῆς,. ,Pronoun,,Singular,,,,Feminine,Genitive,
55.1.32,ἔκλαιον, ,Verb,Third,Plural,Imperfect,Indicative,Active,,,
55.1.32,δὲ, ,Adverb,,,,,,,,
55.1.32,οἱ, ,Article,,Plural,,,,Masculine,Nominative,
55.1.32,παρ’, ,Adposition,,,,,,,,
55.1.32,αὐτῆς, ,Pronoun,,Singular,,,,Feminine,Genitive,
55.1.32,καὶ, ,Conjunction,,,,,,,,
55.1.32,πάντες, ,Adjective,,Plural,,,,Masculine,Nominative,
55.1.32,οἱ, ,Article,,Plural,,,,Masculine,Nominative,
55.1.32,ἰδόντες, ,Verb,,Plural,Aorist,Participle,Active,Masculine,Nominative,
55.1.33,αὐτήν,. ,Pronoun,,Singular,,,,Feminine,Accusative,
55.1.33,ἀναστάντες, ,Verb,,Plural,Aorist,Participle,Active,Masculine,Nominative,
55.1.33,δὲ, ,Adverb,,,,,,,,
55.1.33,οἱ, ,Article,,Plural,,,,Masculine,Nominative,
55.1.33,δύο, ,Adjective,,,,,,,,
55.1.33,πρεσβῦται, ,Verb,Third,Plural,,Indicative,,,,
55.1.33,ἐν, ,Adposition,,,,,,,,
55.1.33,μέσῳ, ,Adjective,,Singular,,,,Masculine,Dative,
55.1.33,τῷ, ,Article,,Singular,,,,Masculine,Dative,
55.1.34,λαῷ, ,Noun,,Singular,,,,Masculine,Dative,
55.1.34,ἔθηκαν, ,Verb,Third,Plural,Aorist,Indicative,Active,,,
55.1.34,τὰς, ,Article,,Plural,,,,Feminine,Accusative,
55.1.34,χεῖρας, ,Noun,,Plural,,,,Feminine,Accusative,
55.1.34,ἐπὶ, ,Adposition,,,,,,,,
55.1.34,τὴν, ,Article,,Singular,,,,Feminine,Accusative,
55.1.34,κεφαλὴν, ,Noun,,Singular,,,,Feminine,Accusative,
55.1.34,αὐτῆς,· ,Pronoun,,Singular,,,,Feminine,Genitive,
55.1.34,ἡ, ,Article,,Singular,,,,Feminine,Nominative,
55.1.34,δὲ, ,Adverb,,,,,,,,
55.1.34,κλαίουσα, ,Verb,,Singular,Present,Participle,Active,Feminine,Nominative,
55.1.34,ἀνέβλεψεν, ,Verb,Third,Singular,Aorist,Indicative,Active,,,
55.1.34,εἰς, ,Adposition,,,,,,,,
55.1.34,τὸν, ,Article,,Singular,,,,Masculine,Accusative,
55.1.34,οὐρανόν,", ",Noun,,Singular,,,,Masculine,Accusative,
55.1.35,ὅτι, ,Conjunction,,,,,,,,
55.1.35,ἦν, ,Verb,Third,Singular,Imperfect,Indicative,Active,,,
55.1.35,ἡ, ,Article,,Singular,,,,Feminine,Nominative,
55.1.35,καρδία, ,Noun,,Singular,,,,Feminine,Nominative,
55.1.35,αὐτῆς, ,Pronoun,,Singular,,,,Feminine,Genitive,
55.1.35,πεποιθυῖα, ,Verb,,Singular,Perfect,Participle,Active,Feminine,Nominative,
55.1.35,ἐπὶ, ,Adposition,,,,,,,,
55.1.35,Κυρίῳ,. ,Noun,,Singular,,,,Neuter,Dative,
55.1.35,εἶπαν, ,Verb,Third,Plural,Aorist,Indicative,Active,,,
55.1.35,δὲ, ,Adverb,,,,,,,,
55.1.35,οἱ, ,Pronoun,,Plural,,,,Masculine,Nominative,
55.1.35,πρεσβῦται, ,Verb,Third,Plural,,,,,,
55.1.35,Περιπατούντων, ,Verb,,Plural,Present,Participle,Active,Masculine,Genitive,
55.1.35,ἡμῶν, ,Pronoun,First,Plural,,,,Masculine,Genitive,
55.1.36,ἐν, ,Adposition,,,,,,,,
55.1.36,τῷ, ,Article,,Singular,,,,Neuter,Dative,
55.1.36,παραδείσῳ, ,Noun,,Singular,,,,Masculine,Dative,
55.1.36,μόνων, ,Adjective,,Plural,,,,Masculine,Genitive,
55.1.36,εἰσῆλθεν, ,Verb,Third,Singular,Aorist,Indicative,Active,,,
55.1.36,αὕτη, ,Pronoun,,Singular,,,,Feminine,Nominative,
55.1.36,μετὰ, ,Adposition,,,,,,,,
55.1.36,δύο, ,Adjective,,,,,,,,
55.1.36,παιδισκῶν,", ",Noun,,Plural,,,,Masculine,Genitive,
55.1.36,καὶ, ,Conjunction,,,,,,,,
55.1.36,ἀπέκλεισεν, ,Verb,Third,Singular,Aorist,Indicative,Active,,,
55.1.36,τὰς, ,Article,,Plural,,,,Feminine,Accusative,
55.1.36,θύρας, ,Noun,,Plural,,,,Feminine,Accusative,
55.1.36,τοῦ, ,Article,,Singular,,,,Masculine,Genitive,
55.1.36,παραδείσου, ,Noun,,Singular,,,,Masculine,Genitive,
55.1.36,καὶ, ,Conjunction,,,,,,,,
55.1.36,ἀπέλυσεν, ,Verb,Third,Singular,Aorist,Indicative,Active,,,
55.1.36,τὰς, ,Article,,Plural,,,,Feminine,Accusative,
55.1.36,παιδίσκας,. ,Noun,,Plural,,,,Feminine,Accusative,
55.1.36,καὶ, ,Adverb,,,,,,,,
55.1.36,ἦλθεν, ,Verb,Third,Singular,Aorist,Indicative,Active,,,
55.1.36,πρὸς, ,Adposition,,,,,,,,
55.1.36,αὐτὴν, ,Pronoun,,Singular,,,,Feminine,Accusative,
55.1.36,νεανίσκος,", ",Noun,,Singular,,,,Masculine,Nominative,
55.1.36,ὃς, ,Pronoun,,Singular,,,,Masculine,Nominative,
55.1.36,ἦν, ,Verb,Third,Singular,Imperfect,Indicative,Active,,,
55.1.36,κεκρυμμένος,", ",Verb,,Singular,Perfect,Participle,Medio-passive,Masculine,Nominative,
55.1.37,καὶ, ,Conjunction,,,,,,,,
55.1.37,ἀνέπεσε, ,Verb,Third,Singular,Aorist,Indicative,Active,,,
55.1.37,μετ’, ,Adposition,,,,,,,,
55.1.37,αὐτῆς,. ,Pronoun,,Singular,,,,Feminine,Genitive,
55.1.37,ἡμεῖς, ,Pronoun,First,Plural,,,,Masculine,Nominative,
55.1.37,δὲ, ,Adverb,,,,,,,,
55.1.37,ὄντες, ,Verb,,Plural,Present,Participle,Active,Masculine,Nominative,
55.1.37,ἐν, ,Adposition,,,,,,,,
55.1.37,τῇ, ,Article,,Singular,,,,Feminine,Dative,
55.1.37,γωνίᾳ, ,Noun,,Singular,,,,Feminine,Dative,
55.1.37,τοῦ, ,Article,,Singular,,,,Masculine,Genitive,
55.1.37,παραδείσου, ,Noun,,Singular,,,,Neuter,Genitive,
55.1.37,ἰδόντες, ,Verb,,Plural,Aorist,Participle,Active,Masculine,Nominative,
55.1.38,τὴν, ,Article,,Singular,,,,Feminine,Accusative,
55.1.38,ἀνομίαν, ,Noun,,Singular,,,,Feminine,Accusative,
55.1.38,ἐδράμομεν, ,Verb,First,Plural,Aorist,Indicative,Active,,,
55.1.38,ἐπ’, ,Adposition,,,,,,,,
55.1.38,αὐτούς,· ,Pronoun,,Plural,,,,Masculine,Accusative,
55.1.38,καὶ, ,Adverb,,,,,,,,
55.1.38,ἰδόντες, ,Verb,,Plural,Aorist,Participle,Active,Masculine,Nominative,
55.1.38,συγγινομένους, ,Verb,,Plural,Present,Participle,Medio-passive,Masculine,Accusative,
55.1.38,αὐτούς,", ",Pronoun,,Plural,,,,Masculine,Accusative,
55.1.38,ἐκείνου, ,Pronoun,,Singular,,,,Masculine,Genitive,
55.1.38,μὲν, ,Adverb,,,,,,,,
55.1.39,οὐκ, ,Adverb,,,,,,,,
55.1.39,ἠδυνήθημεν, ,Verb,First,Plural,Aorist,Indicative,Passive,,,
55.1.39,ἐγκρατεῖς, ,Adjective,,Plural,,,,Masculine,Accusative,
55.1.39,γενέσθαι, ,Verb,,,Aorist,Infinitive,Middle,,,
55.1.39,διὰ, ,Adposition,,,,,,,,
55.1.39,τὸ, ,Article,,Singular,,,,Neuter,Accusative,
55.1.39,ἰσχύειν, ,Verb,,,Present,Infinitive,Active,,,
55.1.39,αὐτὸν, ,Pronoun,,Singular,,,,Masculine,Accusative,
55.1.39,ὑπέρ, ,Adposition,,,,,,,,
55.1.39,ἡμᾶς, ,Pronoun,First,Plural,,,,Masculine,Accusative,
55.1.39,καὶ, ,Conjunction,,,,,,,,
55.1.39,ἀνοίξαντα, ,Verb,,Singular,Aorist,Participle,Active,Masculine,Accusative,
55.1.39,τὰς, ,Article,,Plural,,,,Feminine,Accusative,
55.1.39,θύρας, ,Noun,,Plural,,,,Feminine,Accusative,
55.1.39,ἐκπεπηδηκέναι,", ",Verb,,,Perfect,Infinitive,Active,,,
55.1.39,ταύτης, ,Pronoun,,Singular,,,,Feminine,Genitive,
55.1.39,δὲ, ,Conjunction,,,,,,,,
55.1.39,ἐπιλαβόμενοι, ,Verb,,Plural,Aorist,Participle,Middle,Masculine,Nominative,
55.1.39,ἐπηρωτῶμεν, ,Verb,First,Plural,Present,Indicative,Active,,,
55.1.39,τίς, ,Pronoun,,Singular,,,,Masculine,Nominative,
55.1.39,ἦν, ,Verb,Third,Singular,Imperfect,Indicative,Active,,,
55.1.39,ὁ, ,Article,,Singular,,,,Masculine,Nominative,
55.1.39,νεανίσκος,· ,Noun,,Singular,,,,Masculine,Nominative,
55.1.40,καὶ, ,Adverb,,,,,,,,
55.1.40,οὐκ, ,Adverb,,,,,,,,
55.1.40,ἠθέλησεν, ,Verb,Third,Singular,Aorist,Indicative,Active,,,
55.1.40,ἀναγγεῖλαι, ,Verb,,,Aorist,Infinitive,Active,,,
55.1.40,ἡμῖν,. ,Pronoun,First,Plural,,,,Masculine,Dative,
55.1.40,ταῦτα, ,Pronoun,,Plural,,,,Neuter,Accusative,
55.1.40,μαρτυροῦμεν,. ,Verb,First,Plural,Present,Indicative,Active,,,
55.1.41,καὶ, ,Adverb,,,,,,,,
55.1.41,ἐπίστευσεν, ,Verb,Third,Singular,Aorist,Indicative,Active,,,
55.1.41,αὐτοῖς, ,Pronoun,,Plural,,,,Masculine,Dative,
55.1.41,ἡ, ,Article,,Singular,,,,Feminine,Nominative,
55.1.41,συναγωγὴ, ,Noun,,Singular,,,,Feminine,Nominative,
55.1.41,ὡς, ,Adverb,,,,,,,,
55.1.41,πρεσβυτέροις, ,Adjective,,Plural,,,,Masculine,Dative,
55.1.41,τοῦ, ,Article,,Singular,,,,Masculine,Genitive,
55.1.41,λαοῦ, ,Noun,,Singular,,,,Masculine,Genitive,
55.1.41,καὶ, ,Conjunction,,,,,,,,
55.1.41,κριταῖς,", ",Noun,,Plural,,,,Masculine,Dative,
55.1.41,καὶ, ,Conjunction,,,,,,,,
55.1.41,κατέκριναν, ,Verb,Third,Plural,Aorist,Indicative,Active,,,
55.1.41,αὐτὴν, ,Pronoun,,Singular,,,,Feminine,Accusative,
55.1.41,ἀποθανεῖν,. ,Verb,,,Aorist,Infinitive,Active,,,
55.1.41,ἀνεβόησεν, ,Verb,Third,Singular,Aorist,Indicative,Active,,,
55.1.41,δὲ, ,Adverb,,,,,,,,
55.1.41,φωνῇ, ,Noun,,Singular,,,,Feminine,Dative,
55.1.41,μεγάλῃ, ,Adjective,,Singular,,,,Feminine,Dative,
55.1.41,Σουσάννα, ,Noun,,Singular,,,,Feminine,Accusative,
55.1.41,καὶ, ,Conjunction,,,,,,,,
55.1.41,εἶπεν, ,Verb,Third,Singular,Aorist,Indicative,Active,,,
55.1.41,Ὁ, ,Article,,Singular,,,,Masculine,Nominative,
55.1.41,θεὸς, ,Noun,,Singular,,,,Masculine,Nominative,
55.1.42,ὁ, ,Article,,Singular,,,,Masculine,Nominative,
55.1.42,αἰώνιος, ,Noun,,Singular,,,,Masculine,Nominative,
55.1.42,ὁ, ,Article,,Singular,,,,Masculine,Nominative,
55.1.42,τῶν, ,Article,,Plural,,,,Masculine,Genitive,
55.1.42,κρυπτῶν, ,Adjective,,Plural,,,,Masculine,Genitive,
55.1.42,γνώστης,", ",Noun,,Singular,,,,Feminine,Genitive,
55.1.42,ὁ, ,Article,,Singular,,,,Masculine,Nominative,
55.1.42,εἰδὼς, ,Verb,,Singular,Perfect,Participle,Active,Masculine,Nominative,
55.1.42,τὰ, ,Article,,Plural,,,,Neuter,Accusative,
55.1.42,πάντα, ,Adjective,,Plural,,,,Neuter,Accusative,
55.1.42,πρὶν, ,Conjunction,,,,,,,,
55.1.42,γενέσεως, ,Noun,,Singular,,,,Feminine,Genitive,
55.1.42,αὐτῶν,", ",Pronoun,,Plural,,,,Masculine,Genitive,
55.1.42,σὺ, ,Pronoun,Second,Singular,,,,Masculine,Nominative,
55.1.42,ἐπίστασαι, ,Verb,Second,Singular,Present,Indicative,Medio-passive,,,
55.1.42,ὅτι, ,Conjunction,,,,,,,,
55.1.42,ψευδῆ, ,Adjective,,Plural,,,,Neuter,Accusative,
55.1.42,μου, ,Pronoun,First,Singular,,,,Masculine,Genitive,
55.1.42,κατεμαρτύρησαν,· ,Verb,Third,Plural,Aorist,Indicative,Active,,,
55.1.42,καὶ, ,Adverb,,,,,,,,
55.1.42,ἰδοὺ, ,Adverb,,,,,,,,
55.1.43,ἀποθνήσκω,", ",Verb,First,Singular,Present,Indicative,Active,,,
55.1.43,μὴ, ,Adverb,,,,,,,,
55.1.43,ποιήσασα, ,Verb,,Singular,Aorist,Participle,Active,Feminine,Nominative,
55.1.43,μηδὲν, ,Pronoun,,Singular,,,,Neuter,Accusative,
55.1.43,ὧν, ,Pronoun,,Plural,,,,Neuter,Genitive,
55.1.43,οὗτοι, ,Pronoun,,Plural,,,,Masculine,Nominative,
55.1.43,ἐπονηρεύσαντο, ,Verb,Third,Plural,Aorist,Indicative,Middle,,,
55.1.43,κατ’, ,Adposition,,,,,,,,
55.1.43,ἐμοῦ,. ,Pronoun,First,Singular,,,,Masculine,Genitive,
55.1.43,Καὶ, ,Adverb,,,,,,,,
55.1.43,εἰσήκουσεν, ,Verb,Third,Singular,Aorist,Indicative,Active,,,
55.1.43,Κύριος, ,Noun,,Singular,,,,Masculine,Nominative,
55.1.43,τῆς, ,Article,,Singular,,,,Feminine,Genitive,
55.1.43,φωνῆς, ,Noun,,Singular,,,,Feminine,Genitive,
55.1.43,αὐτῆς,. ,Pronoun,,Singular,,,,Feminine,Genitive,
55.1.43,καὶ, ,Adverb,,,,,,,,
55.1.43,ἀπαγομένης, ,Verb,,Singular,Present,Participle,Medio-passive,Feminine,Genitive,
55.1.44,αὐτῆς, ,Pronoun,,Singular,,,,Feminine,Genitive,
55.1.44,ἀπολέσθαι,", ",Verb,,,Aorist,Infinitive,Middle,,,
55.1.44,ἐξήγειρεν, ,Verb,Third,Singular,Aorist,Indicative,Active,,,
55.1.44,ὁ, ,Article,,Singular,,,,Masculine,Nominative,
55.1.44,θεὸς, ,Noun,,Singular,,,,Masculine,Nominative,
55.1.44,τὸ, ,Article,,Singular,,,,Neuter,Accusative,
55.1.45,πνεῦμα, ,Noun,,Singular,,,,Neuter,Accusative,
55.1.45,τὸ, ,Article,,Singular,,,,Neuter,Accusative,
55.1.45,ἅγιον, ,Adjective,,Singular,,,,Neuter,Accusative,
55.1.45,παιδαρίου, ,Noun,,Singular,,,,Masculine,Genitive,
55.1.45,νεωτέρου, ,Adjective,,Singular,,,,Masculine,Genitive,
55.1.45,ᾧ, ,Pronoun,,Singular,,,,Masculine,Dative,
55.1.45,ὄνομα, ,Noun,,Singular,,,,Neuter,Nominative,
55.1.45,Δανιὴλ,. ,Noun,,Singular,,,,Masculine,Accusative,
55.1.45,καὶ, ,Adverb,,,,,,,,
55.1.45,ἐβόησεν, ,Verb,Third,Singular,Aorist,Indicative,Active,,,
55.1.45,φωνῇ, ,Noun,,Singular,,,,Feminine,Dative,
55.1.45,μεγάλῃ, ,Adjective,,Singular,,,,Feminine,Dative,
55.1.45,Ἀθῷος, ,Adjective,,Singular,,,,Masculine,Nominative,
55.1.45,ἐγὼ, ,Pronoun,First,Singular,,,,Masculine,Nominative,
55.1.45,ἀπὸ, ,Adposition,,,,,,,,
55.1.45,τοῦ, ,Article,,Singular,,,,Neuter,Genitive,
55.1.45,αἵματος, ,Noun,,Singular,,,,Neuter,Genitive,
55.1.45,ταύτης,. ,Adjective,,Singular,,,,Feminine,Genitive,
55.1.46,ἐπέστρεψεν, ,Verb,Third,Singular,Aorist,Indicative,Active,,,
55.1.46,δὲ, ,Adverb,,,,,,,,
55.1.46,πᾶς, ,Adjective,,Singular,,,,Masculine,Nominative,
55.1.46,ὁ, ,Article,,Singular,,,,Masculine,Nominative,
55.1.46,λαὸς, ,Noun,,Singular,,,,Masculine,Nominative,
55.1.46,πρὸς, ,Adposition,,,,,,,,
55.1.46,αὐτὸν, ,Pronoun,,Singular,,,,Masculine,Accusative,
55.1.46,καὶ, ,Conjunction,,,,,,,,
55.1.46,εἶπαν, ,Verb,Third,Singular,Aorist,Indicative,Active,,,
55.1.46,Τίς, ,Pronoun,,Singular,,,,Masculine,Nominative,
55.1.46,ὁ, ,Article,,Singular,,,,Masculine,Nominative,
55.1.46,λόγος, ,Noun,,Singular,,,,Masculine,Nominative,
55.1.47,οὗτος, ,Adjective,,Singular,,,,Masculine,Nominative,
55.1.47,ὃν, ,Pronoun,,Singular,,,,Masculine,Accusative,
55.1.47,σὺ, ,Pronoun,Second,Singular,,,,Masculine,Nominative,
55.1.47,λελάληκας,; ,Verb,Second,Singular,Perfect,Indicative,Active,,,
55.1.47,ὁ, ,Article,,Singular,,,,Masculine,Nominative,
55.1.47,δὲ, ,Adverb,,,,,,,,
55.1.47,στὰς, ,Verb,,Singular,Aorist,Participle,Active,Masculine,Nominative,
55.1.47,ἐν, ,Adposition,,,,,,,,
55.1.47,μέσῳ, ,Adjective,,Singular,,,,Neuter,Dative,
55.1.47,αὐτῶν, ,Pronoun,,Plural,,,,Neuter,Genitive,
55.1.47,εἶπεν, ,Verb,Third,Singular,Aorist,Indicative,Active,,,
55.1.47,Οὕτως, ,Adverb,,,,,,,,
55.1.47,μωροί,", ",Adjective,,Plural,,,,Masculine,Nominative,
55.1.47,οἱ, ,Article,,Plural,,,,Masculine,Nominative,
55.1.47,υἱοὶ, ,Noun,,Plural,,,,Masculine,Nominative,
55.1.47,Ἰσραήλ,; ,Adjective,,Singular,,,,Masculine,Accusative,
55.1.48,οὐκ, ,Adverb,,,,,,,,
55.1.48,ἀνακρίναντες, ,Verb,,Plural,Aorist,Participle,Active,Masculine,Nominative,
55.1.48,οὐδὲ, ,Adverb,,,,,,,,
55.1.48,τὸ, ,Article,,Singular,,,,Neuter,Accusative,
55.1.48,σαφὲς, ,Adjective,,Singular,,,,Neuter,Accusative,
55.1.48,ἐπιγνόντες, ,Verb,,Plural,Aorist,Participle,Active,Masculine,Nominative,
55.1.48,κατεκρίνατε, ,Verb,Second,Plural,Aorist,Indicative,Active,,,
55.1.48,θυγατέρα, ,Noun,,Singular,,,,Feminine,Accusative,
55.1.48,Ἰσραήλ,; ,Adjective,,Singular,,,,Masculine,Accusative,
55.1.48,ἀναστρέψατε, ,Verb,Second,Plural,Aorist,Imperative,Active,,,
55.1.48,εἰς, ,Adposition,,,,,,,,
55.1.48,τὸ, ,Article,,Singular,,,,Neuter,Accusative,
55.1.48,κριτήριον,· ,Noun,,Singular,,,,Neuter,Accusative,
55.1.48,ψευδῆ, ,Adjective,,Plural,,,,Neuter,Accusative,
55.1.48,γὰρ, ,Adverb,,,,,,,,
55.1.48,οὗτοι, ,Pronoun,,Plural,,,,Masculine,Nominative,
55.1.48,κατεμαρτύρησαν, ,Verb,Third,Plural,Aorist,Indicative,Active,,,
55.1.49,αὐτῆς,. ,Pronoun,,Singular,,,,Feminine,Genitive,
55.1.49,καὶ, ,Adverb,,,,,,,,
55.1.49,ἀνέστρεψεν, ,Verb,Third,Singular,Aorist,Indicative,Active,,,
55.1.49,πᾶς, ,Adjective,,Singular,,,,Masculine,Nominative,
55.1.49,ὁ, ,Article,,Singular,,,,Masculine,Nominative,
55.1.49,λαὸς, ,Noun,,Singular,,,,Masculine,Nominative,
55.1.49,μετὰ, ,Adposition,,,,,,,,
55.1.49,σπουδῆς,. ,Noun,,Singular,,,,Feminine,Genitive,
55.1.49,καὶ, ,Adverb,,,,,,,,
55.1.49,εἶπαν, ,Verb,Third,Plural,Aorist,Indicative,Active,,,
55.1.49,αὐτῷ, ,Pronoun,,Singular,,,,Masculine,Dative,
55.1.49,οἱ, ,Article,,Plural,,,,Masculine,Nominative,
55.1.49,πρεσβύτεροι, ,Adjective,,Plural,,,,Masculine,Nominative,Comparative
55.1.50,Δεῦρο, ,Adverb,,,,,,,,
55.1.50,κάθισον, ,Verb,Second,Plural,Aorist,Imperative,Active,,,
55.1.50,ἐν, ,Adposition,,,,,,,,
55.1.50,μέσῳ, ,Adjective,,Singular,,,,Masculine,Dative,
55.1.50,ἡμῶν, ,Pronoun,First,Plural,,,,Masculine,Genitive,
55.1.50,καὶ, ,Conjunction,,,,,,,,
55.1.50,ἀνάγγειλον, ,Verb,Second,Plural,Aorist,Imperative,Active,,,
55.1.50,ἡμῖν,", ",Pronoun,First,Plural,,,,Masculine,Dative,
55.1.50,ὅτι, ,Conjunction,,,,,,,,
55.1.50,σοὶ, ,Pronoun,Second,Singular,,,,Masculine,Dative,
55.1.50,δέδωκεν, ,Verb,Third,Singular,Perfect,Indicative,Active,,,
55.1.50,ὁ, ,Article,,Singular,,,,Masculine,Nominative,
55.1.50,θεὸς, ,Noun,,Singular,,,,Masculine,Nominative,
55.1.50,τὸ, ,Article,,Singular,,,,Neuter,Accusative,
55.1.50,πρεσβεῖον,. ,Noun,,Singular,,,,Neuter,Accusative,
55.1.50,καὶ, ,Adverb,,,,,,,,
55.1.50,εἶπεν, ,Verb,Third,Singular,Aorist,Indicative,Active,,,
55.1.50,πρὸς, ,Adposition,,,,,,,,
55.1.50,αὐτοὺς, ,Pronoun,,Plural,,,,Masculine,Accusative,
55.1.50,Δανιήλ, ,Noun,,Singular,,,,Masculine,Accusative,
55.1.50,Διαχωρίσατε, ,Verb,Second,Plural,Aorist,Imperative,Active,,,
55.1.50,αὐτοὺς, ,Pronoun,,Plural,,,,Masculine,Accusative,
55.1.50,ἀπ’, ,Adposition,,,,,,,,
55.1.50,ἀλλήλων, ,Pronoun,,Plural,,,,Masculine,Genitive,
55.1.51,μακράν,", ",Adjective,,Singular,,,,,Accusative,
55.1.51,καὶ, ,Conjunction,,,,,,,,
55.1.51,ἀνακρινῶ, ,Verb,First,Singular,Future,Indicative,Active,,,
55.1.51,αὐτούς,. ,Pronoun,,Plural,,,,Masculine,Accusative,
55.1.51,ὡς, ,Conjunction,,,,,,,,
55.1.51,δὲ, ,Adverb,,,,,,,,
55.1.51,διεχωρίσθησαν, ,Verb,Third,Plural,Aorist,Indicative,Passive,,,
55.1.51,εἷς, ,Noun,,Singular,,,,Masculine,Nominative,
55.1.51,ἀπὸ, ,Adposition,,,,,,,,
55.1.51,τοῦ, ,Article,,Singular,,,,Neuter,Genitive,
55.1.51,ἑνός,", ",Noun,,Singular,,,,Neuter,Genitive,
55.1.51,ἐκάλεσεν, ,Verb,Third,Singular,Aorist,Indicative,Active,,,
55.1.51,τὸν, ,Article,,Singular,,,,Masculine,Accusative,
55.1.51,ἕνα, ,Noun,,Singular,,,,Masculine,Accusative,
55.1.51,αὐτῶν, ,Pronoun,,Plural,,,,Masculine,Genitive,
55.1.51,καὶ, ,Conjunction,,,,,,,,
55.1.52,εἶπεν, ,Verb,Third,Singular,Aorist,Indicative,Active,,,
55.1.52,πρὸς, ,Adposition,,,,,,,,
55.1.52,αὐτόν, ,Pronoun,,Singular,,,,Masculine,Accusative,
55.1.52,Πεπαλαιωμένε, ,Verb,,Singular,Perfect,Participle,Medio-passive,Masculine,Vocative,
55.1.52,ἡμερῶν, ,Noun,,Plural,,,,Feminine,Genitive,
55.1.52,κακῶν,", ",Adjective,,Plural,,,,Neuter,Genitive,
55.1.52,νῦν, ,Adverb,,,,,,,,
55.1.52,ἥκασιν, ,Verb,Third,Plural,Present,Indicative,Active,,,
55.1.52,αἱ, ,Article,,Plural,,,,Feminine,Nominative,
55.1.52,ἁμαρτίαι, ,Noun,,Plural,,,,Feminine,Nominative,
55.1.52,σου, ,Pronoun,Second,Singular,,,,Masculine,Genitive,
55.1.52,ἃς, ,Pronoun,,Plural,,,,Feminine,Accusative,
55.1.52,ἐποίεις, ,Verb,Second,Singular,Imperfect,Indicative,Active,,,
55.1.52,τὸ, ,Article,,Singular,,,,Neuter,Accusative,
55.1.52,πρότερον,", ",Adjective,,Singular,,,,Neuter,Accusative,
55.1.52,κρίνων, ,Verb,,Singular,Present,Participle,Active,Masculine,Nominative,
55.1.52,κρίσεις, ,Noun,,Plural,,,,Feminine,Accusative,
55.1.52,ἀδίκους,", ",Adjective,,Plural,,,,Masculine,Accusative,
55.1.52,καὶ, ,Conjunction,,,,,,,,
55.1.52,τοὺς, ,Article,,Plural,,,,Masculine,Accusative,
55.1.52,μὲν, ,Adverb,,,,,,,,
55.1.52,ἀθῴους, ,Adjective,,Plural,,,,Masculine,Accusative,
55.1.52,κατακρίνων,", ",Verb,,Singular,Present,Participle,Active,Masculine,Nominative,
55.1.52,ἀπολύων, ,Verb,,Singular,Present,Participle,Active,Masculine,Nominative,
55.1.53,δὲ, ,Conjunction,,,,,,,,
55.1.53,τοὺς, ,Article,,Plural,,,,Masculine,Accusative,
55.1.53,αἰτίους,", ",Adjective,,Plural,,,,Masculine,Accusative,
55.1.53,λέγοντος, ,Verb,,Singular,Present,Participle,Active,Masculine,Genitive,
55.1.53,τοῦ, ,Article,,Singular,,,,Masculine,Genitive,
55.1.53,κυρίου, ,Noun,,Singular,,,,Masculine,Genitive,
55.1.53,Ἀθῷον, ,Adjective,,Singular,,,,Masculine,Accusative,
55.1.53,καὶ, ,Conjunction,,,,,,,,
55.1.53,δίκαιον, ,Adjective,,Singular,,,,Neuter,Accusative,
55.1.53,οὐκ, ,Adverb,,,,,,,,
55.1.53,ἀποκτενεῖς,. ,Verb,Second,Singular,Future,Indicative,Active,,,
55.1.53,νῦν, ,Adverb,,,,,,,,
55.1.53,οὖν, ,Adverb,,,,,,,,
55.1.53,ταύτην, ,Pronoun,,Singular,,,,Feminine,Accusative,
55.1.53,εἴπερ, ,Conjunction,,,,,,,,
55.1.53,ἴδες,", ",Verb,Second,Singular,Aorist,Indicative,Active,,,
55.1.53,εἰπόν, ,Verb,,Singular,Aorist,Participle,Active,Neuter,Accusative,
55.1.53,Ὑπὸ, ,Adposition,,,,,,,,
55.1.53,τί, ,Pronoun,,Singular,,,,Neuter,Accusative,
55.1.53,δένδρον, ,Noun,,Singular,,,,Neuter,Accusative,
55.1.53,ἴδες, ,Verb,Second,Singular,Aorist,Indicative,Active,,,
55.1.53,αὐτοὺς, ,Pronoun,,Plural,,,,Masculine,Accusative,
55.1.53,ὁμιλοῦντας, ,Verb,,Plural,Present,Participle,Active,Masculine,Accusative,
55.1.54,ἀλλήλοις,; ,Pronoun,,Plural,,,,Masculine,Dative,
55.1.54,ὁ, ,Article,,Singular,,,,Masculine,Nominative,
55.1.54,δὲ, ,Adverb,,,,,,,,
55.1.54,εἶπεν, ,Verb,Third,Singular,Aorist,Indicative,Active,,,
55.1.54,Ὑπὸ, ,Adposition,,,,,,,,
55.1.54,σχῖνον,. ,Noun,,Singular,,,,Masculine,Accusative,
55.1.54,εἶπεν, ,Verb,Third,Singular,Aorist,Indicative,Active,,,
55.1.54,δὲ, ,Adverb,,,,,,,,
55.1.54,Δανιήλ, ,Noun,,Singular,,,,Masculine,Accusative,
55.1.54,Ὀρθῶς, ,Adverb,,,,,,,,
55.1.54,ἔψευσαι, ,Verb,Second,Singular,Aorist,Infinitive,Middle,,,
55.1.54,εἰς, ,Adposition,,,,,,,,
55.1.54,τὴν, ,Article,,Singular,,,,Feminine,Accusative,
55.1.54,σεαυτοῦ, ,Pronoun,,Singular,,,,Masculine,Genitive,
55.1.54,κεφαλήν,· ,Noun,,Singular,,,,Feminine,Accusative,
55.1.54,ἤδη, ,Adverb,,,,,,,,
55.1.54,γὰρ, ,Adverb,,,,,,,,
55.1.54,ἄγγελος, ,Noun,,Singular,,,,Masculine,Nominative,
55.1.55,τοῦ, ,Article,,Singular,,,,Masculine,Genitive,
55.1.55,θεοῦ, ,Noun,,Singular,,,,Masculine,Genitive,
55.1.55,λαβὼν, ,Verb,,Singular,Aorist,Participle,Active,Masculine,Nominative,
55.1.55,φάσιν, ,Noun,,Singular,,,,Feminine,Accusative,
55.1.55,παρὰ, ,Adposition,,,,,,,,
55.1.55,τοῦ, ,Article,,Singular,,,,Masculine,Genitive,
55.1.55,θεοῦ, ,Noun,,Singular,,,,Masculine,Genitive,
55.1.55,σχίσει, ,Noun,,Singular,,,,Feminine,Dative,
55.1.55,σε, ,Pronoun,Second,Singular,,,,Masculine,Accusative,
55.1.55,μέσον,. ,Adjective,,Singular,,,,Neuter,Accusative,
55.1.55,καὶ, ,Adverb,,,,,,,,
55.1.55,μεταστήσας, ,Verb,,Singular,Aorist,Participle,Active,Masculine,Nominative,
55.1.55,αὐτὸν, ,Pronoun,,Singular,,,,Masculine,Accusative,
55.1.55,ἐκέλευσεν, ,Verb,Third,Singular,Aorist,Indicative,Active,,,
55.1.55,προσαγαγεῖν, ,Verb,,,Aorist,Infinitive,Active,,,
55.1.55,τὸν, ,Article,,Singular,,,,Masculine,Accusative,
55.1.55,ἕτερον,· ,Adjective,,Singular,,,,Masculine,Accusative,
55.1.55,καὶ, ,Adverb,,,,,,,,
55.1.55,εἶπεν, ,Verb,Third,Singular,Aorist,Indicative,Active,,,
55.1.56,αὐτῷ, ,Pronoun,,Singular,,,,Masculine,Dative,
55.1.56,Σπέρμα, ,Noun,,Singular,,,,Neuter,Accusative,
55.1.56,Χανάαν, ,Noun,,Singular,,,,Feminine,Accusative,
55.1.56,καὶ, ,Conjunction,,,,,,,,
55.1.56,οὐκ, ,Adverb,,,,,,,,
55.1.56,Ἰούδα,", ",Noun,,Singular,,,Active,,,
55.1.56,τὸ, ,Article,,Singular,,,,Neuter,Nominative,
55.1.56,κάλλος, ,Noun,,Singular,,,,Neuter,Accusative,
55.1.56,ἐξηπάτησέν, ,Verb,Third,Singular,Aorist,Indicative,Active,,,
55.1.56,σε,", ",Pronoun,Second,Singular,,,,Masculine,Accusative,
55.1.56,καὶ, ,Conjunction,,,,,,,,
55.1.56,ἐπιθυμία, ,Noun,,Singular,,,,Feminine,Nominative,
55.1.56,διέστρεψεν, ,Verb,Third,Singular,Aorist,Indicative,Active,,,
55.1.56,τὴν, ,Article,,Singular,,,,Feminine,Accusative,
55.1.56,καρδίαν, ,Noun,,Singular,,,,Feminine,Accusative,
55.1.56,σου,. ,Pronoun,Second,Singular,,,,Masculine,Genitive,
55.1.56,οὕτως, ,Adverb,,,,,,,,
55.1.56,ἐποιεῖτε, ,Verb,Second,Plural,Imperfect,Indicative,Active,,,
55.1.56,θυγατράσιν, ,Noun,,Plural,,,,Feminine,Dative,
55.1.56,Ἰσραήλ,", ",Adjective,,Singular,,,,Masculine,Accusative,
55.1.56,καὶ, ,Conjunction,,,,,,,,
55.1.56,ἐκεῖναι, ,Pronoun,,Plural,,,,Feminine,Nominative,
55.1.56,φοβούμεναι, ,Verb,,Plural,Present,Participle,Medio-passive,Feminine,Nominative,
55.1.56,ὡμίλουν, ,Verb,Third,Plural,Imperfect,Indicative,Active,,,
55.1.57,ὑμῖν,· ,Pronoun,Second,Plural,,,,Masculine,Dative,
55.1.57,ἀλλ’, ,Adverb,,,,,,,,
55.1.57,οὐ, ,Adverb,,,,,,,,
55.1.57,θυγάτηρ, ,Noun,,Singular,,,,Feminine,Nominative,
55.1.57,Ἰούδα, ,Noun,,Singular,,,,Feminine,,
55.1.57,ὑπέμεινεν, ,Verb,Third,Singular,Aorist,Indicative,Active,,,
55.1.57,τὴν, ,Article,,Singular,,,,Feminine,Accusative,
55.1.57,ἀνομίαν, ,Noun,,Singular,,,,Feminine,Accusative,
55.1.57,ὑμῶν,. ,Pronoun,Second,Plural,,,,Masculine,Genitive,
55.1.57,νῦν, ,Adverb,,,,,,,,
55.1.57,οὖν, ,Adverb,,,,,,,,
55.1.57,λέγε, ,Verb,Second,Singular,Present,Imperative,Active,,,
55.1.57,μοι, ,Pronoun,First,Singular,,,,Masculine,Dative,
55.1.57,Ὑπὸ, ,Adposition,,,,,,,,
55.1.57,τί, ,Pronoun,,Singular,,,,Neuter,Accusative,
55.1.57,δένδρον, ,Noun,,Singular,,,,Neuter,Accusative,
55.1.57,κατέλαβες, ,Verb,Second,Singular,Aorist,Indicative,Active,,,
55.1.57,αὐτοὺς, ,Pronoun,,Plural,,,,Masculine,Accusative,
55.1.57,ὁμιλοῦντας, ,Verb,,Plural,Present,Participle,Active,Masculine,Accusative,
55.1.57,ἀλλήλοις,; ,Pronoun,,Plural,,,,Masculine,Dative,
55.1.58,ὁ, ,Article,,Singular,,,,Masculine,Nominative,
55.1.58,δὲ, ,Adverb,,,,,,,,
55.1.58,εἶπεν, ,Verb,Third,Singular,Aorist,Indicative,Active,,,
55.1.58,Ὑπὸ, ,Adposition,,,,,,,,
55.1.58,πρῖνον,. ,Noun,,Singular,,,,Masculine,Accusative,
55.1.58,εἶπεν, ,Verb,Third,Singular,Aorist,Indicative,Active,,,
55.1.58,δὲ, ,Adverb,,,,,,,,
55.1.58,αὐτῷ, ,Pronoun,,Singular,,,,Masculine,Dative,
55.1.58,Δανιήλ, ,Noun,,Singular,,,,Masculine,Accusative,
55.1.58,’Ορθῶς, ,Adverb,,,,,,,,
55.1.58,ἔψευσαι, ,Verb,Second,Singular,Aorist,Infinitive,Active,,,
55.1.58,καὶ, ,Conjunction,,,,,,,,
55.1.58,σὺ, ,Pronoun,Second,Singular,,,,Masculine,Nominative,
55.1.58,εἰς, ,Adposition,,,,,,,,
55.1.58,τὴν, ,Article,,Singular,,,,Feminine,Accusative,
55.1.58,σεαυτοῦ, ,Pronoun,,Singular,,,,Masculine,Genitive,
55.1.58,κεφαλήν,· ,Noun,,Singular,,,,Feminine,Accusative,
55.1.58,μένει, ,Noun,Third,Singular,,Indicative,Active,Neuter,,
55.1.59,γὰρ, ,Adverb,,,,,,,,
55.1.59,ὁ, ,Article,,Singular,,,,Masculine,Nominative,
55.1.59,ἄγγελος, ,Noun,,Singular,,,,Masculine,Nominative,
55.1.59,τοῦ, ,Article,,Singular,,,,Masculine,Genitive,
55.1.59,θεοῦ, ,Noun,,Singular,,,,Masculine,Genitive,
55.1.59,τὴν, ,Article,,Singular,,,,Feminine,Accusative,
55.1.59,ῥομφαίαν, ,Noun,,Singular,,,,Feminine,Accusative,
55.1.59,ἔχων, ,Verb,,Singular,Present,Participle,Active,Masculine,Nominative,
55.1.59,πρίσαι, ,Verb,,,Aorist,Infinitive,Active,,,
55.1.59,σε, ,Pronoun,Second,Singular,,,,Masculine,Accusative,
55.1.59,μέσον,", ",Adjective,,Singular,,,,Neuter,Accusative,
55.1.59,ὅπως, ,Conjunction,,,,,,,,
55.1.59,ἐξολεθρεύσῃ, ,Verb,Third,Singular,Aorist,Subjunctive,Active,,,
55.1.59,ὑμᾶς,. ,Pronoun,Second,Plural,,,,Masculine,Accusative,
55.1.59,Καὶ, ,Adverb,,,,,,,,
55.1.59,ἀνεβόησεν, ,Verb,Third,Singular,Aorist,Indicative,Active,,,
55.1.59,πᾶσα, ,Adjective,,Singular,,,,Feminine,Nominative,
55.1.59,ἡ, ,Article,,Singular,,,,Feminine,Nominative,
55.1.59,συναγωγὴ, ,Noun,,Singular,,,,Feminine,Nominative,
55.1.59,φωνῇ, ,Noun,,Singular,,,,Feminine,Dative,
55.1.59,μεγάλῃ,", ",Adjective,,Singular,,,,Feminine,Dative,
55.1.59,καὶ, ,Conjunction,,,,,,,,
55.1.59,εὐλόγησαν, ,Verb,Third,Plural,Aorist,Indicative,Active,,,
55.1.59,τῷ, ,Article,,Singular,,,,Masculine,Dative,
55.1.59,θεῷ, ,Noun,,Singular,,,,Masculine,Dative,
55.1.59,τῷ, ,Article,,Singular,,,,Masculine,Dative,
55.1.59,σώζοντι, ,Verb,,Singular,Present,Participle,Active,Masculine,Dative,
55.1.60,τοὺς, ,Article,,Plural,,,,Masculine,Accusative,
55.1.60,ἐλπίζοντας, ,Verb,,Plural,Present,Participle,Active,Masculine,Accusative,
55.1.60,ἐπ’, ,Adposition,,,,,,,,
55.1.60,αὐτόν,. ,Pronoun,,Singular,,,,Masculine,Accusative,
55.1.60,καὶ, ,Adverb,,,,,,,,
55.1.60,ἀνέστησαν, ,Verb,Third,Plural,Aorist,Indicative,Active,,,
55.1.60,ἐπὶ, ,Adposition,,,,,,,,
55.1.60,τοὺς, ,Article,,Plural,,,,Masculine,Accusative,
55.1.60,δύο, ,Adjective,,,,,,,,
55.1.60,πρεσβύτας,", ",Noun,,Plural,,,,Masculine,Accusative,
55.1.60,ὅτι, ,Conjunction,,,,,,,,
55.1.60,συνέστησεν, ,Verb,Third,Singular,Aorist,Indicative,Active,,,
55.1.60,αὐτοὺς, ,Pronoun,,Plural,,,,Masculine,Accusative,
55.1.60,Δανιὴλ, ,Noun,,Singular,,,,Masculine,Accusative,
55.1.60,ἐκ, ,Adposition,,,,,,,,
55.1.60,τοῦ, ,Article,,Singular,,,,Neuter,Genitive,
55.1.61,στόματος, ,Noun,,Singular,,,,Neuter,Genitive,
55.1.61,αὐτῶν, ,Pronoun,,Plural,,,,Neuter,Genitive,
55.1.61,ψευδομάρτυρας, ,Noun,,Plural,,,,Masculine,Accusative,
55.1.61,ὄντας,", ",Verb,,Plural,Present,Participle,Active,Masculine,Accusative,
55.1.61,καὶ, ,Conjunction,,,,,,,,
55.1.61,ἐποίησαν, ,Verb,Third,Plural,Aorist,Indicative,Active,,,
55.1.61,αὐτοῖς, ,Pronoun,,Plural,,,,Masculine,Dative,
55.1.61,ὃν, ,Pronoun,,Singular,,,,Masculine,Accusative,
55.1.61,τρόπον, ,Noun,,Singular,,,,Masculine,Accusative,
55.1.61,ἐπονηρεύσαντο, ,Verb,Third,Plural,Aorist,Indicative,Middle,,,
55.1.61,τῷ, ,Article,,Singular,,,,Masculine,Dative,
55.1.61,πλησίον,", ",Adverb,,,,,,,,
55.1.61,ποιῆσαι, ,Verb,,,Aorist,Infinitive,Active,,,
55.1.61,κατὰ, ,Adposition,,,,,,,,
55.1.61,τὸν, ,Article,,Singular,,,,Masculine,Accusative,
55.1.61,νόμον, ,Noun,,Singular,,,,Masculine,Accusative,
55.1.61,Μωυσῆ,", ",Noun,,Singular,,,,Masculine,Accusative,
55.1.61,καὶ, ,Conjunction,,,,,,,,
55.1.61,ἀπέκτειναν, ,Verb,Third,Plural,Aorist,Indicative,Active,,,
55.1.61,αὐτούς,· ,Pronoun,,Plural,,,,Masculine,Accusative,
55.1.61,καὶ, ,Adverb,,,,,,,,
55.1.61,ἐσώθη, ,Verb,Third,Singular,Aorist,Indicative,Passive,,,
55.1.61,αἷμα, ,Noun,,Singular,,,,Neuter,Nominative,
55.1.61,ἀναίτιον, ,Adjective,,Singular,,,,Neuter,Nominative,
55.1.62,ἐν, ,Adposition,,,,,,,,
55.1.62,τῇ, ,Article,,Singular,,,,Feminine,Dative,
55.1.62,ἡμέρᾳ, ,Noun,,Singular,,,,Feminine,Dative,
55.1.62,ἐκείνῃ,. ,Pronoun,,Singular,,,,Feminine,Dative,
55.1.62,Χελκίας, ,Noun,,Singular,,,,Feminine,Genitive,
55.1.62,δὲ, ,Adverb,,,,,,,,
55.1.62,καὶ, ,Adverb,,,,,,,,
55.1.62,ἡ, ,Article,,Singular,,,,Feminine,Nominative,
55.1.62,γυνὴ, ,Noun,,Singular,,,,Feminine,Nominative,
55.1.62,αὐτοῦ, ,Pronoun,,Singular,,,,Masculine,Genitive,
55.1.62,ᾔνεσαν, ,Verb,Third,Plural,Aorist,Indicative,Active,,,
55.1.62,περὶ, ,Adposition,,,,,,,,
55.1.62,τῆς, ,Article,,Singular,,,,Feminine,Genitive,
55.1.62,θυγατρὸς, ,Noun,,Singular,,,,Feminine,Genitive,
55.1.62,αὐτῶν, ,Pronoun,,Plural,,,,Masculine,Genitive,
55.1.62,μετὰ, ,Adposition,,,,,,,,
55.1.62,Ἰωακεὶμ, ,Noun,,Singular,,,,Masculine,Accusative,
55.1.62,τοῦ, ,Article,,Singular,,,,Masculine,Genitive,
55.1.63,ἀνδρὸς, ,Noun,,Singular,,,,Masculine,Genitive,
55.1.63,αὐτῆς, ,Pronoun,,Singular,,,,Feminine,Genitive,
55.1.63,καὶ, ,Conjunction,,,,,,,,
55.1.63,τῶν, ,Article,,Plural,,,,Masculine,Genitive,
55.1.63,συνγενῶν, ,Adjective,,Plural,,,,Masculine,Genitive,
55.1.63,πάντων,", ",Adjective,,Plural,,,,Masculine,Genitive,
55.1.63,ὅτι, ,Conjunction,,,,,,,,
55.1.63,οὐχ, ,Adverb,,,,,,,,
55.1.63,εὑρέθη, ,Verb,Third,Singular,Aorist,Indicative,Passive,,,
55.1.63,ἐν, ,Adposition,,,,,,,,
55.1.63,αὐτῇ, ,Pronoun,,Singular,,,,Feminine,Dative,
55.1.63,ἄσχημον, ,Adjective,,Singular,,,,Neuter,Nominative,
55.1.63,πρᾶγμα,. ,Noun,,Singular,,,,Neuter,Nominative,
55.1.63,Καὶ, ,Adverb,,,,,,,,
55.1.63,Δανιὴλ, ,Noun,,Singular,,,,Masculine,Nominative,
55.1.63,ἐγένετο, ,Verb,Third,Singular,Aorist,Indicative,Middle,,,
55.1.63,μέγας, ,Adjective,,Singular,,,,Masculine,Nominative,
55.1.63,ἐνώπιον, ,Noun,,Singular,,,,Neuter,Accusative,
55.1.63,τοῦ, ,Article,,Singular,,,,Masculine,Genitive,
55.1.63,λαοῦ, ,Noun,,Singular,,,,Masculine,Genitive,
55.1.63,ἀπὸ, ,Adposition,,,,,,,,
55.1.63,τῆς, ,Article,,Singular,,,,Feminine,Genitive,
55.1.63,ἡμέρας, ,Noun,,Singular,,,,Feminine,Genitive,
55.1.63,ἐκείνης, ,Adjective,,Singular,,,,Feminine,Genitive,
55.1.63,καὶ, ,Conjunction,,,,,,,,
55.1.63,ἐπέκεινα,. ,Verb,First,,Aorist,Indicative,,,,
